post_uploaded_at,platform,author,post_title,full_body_excerpt,target_erp,detected_pain_point,pain_severity_score,post_url,recommended_advisory_angle,saved_at
2026-08-27 15:47:25 UTC,Twitter,@klyrAaX,"GROK BOT JUST REPLACED A $520,000 ENTERPRISE OPS & ACCOUNTING DESK FOR $200/MO","GROK BOT JUST REPLACED A $520,000 ENTERPRISE OPS & ACCOUNTING DESK FOR $200/MO  Seven AI agents, zero manual entry. Doing the heavy lifting 20 people in wholesale distribution used to burn 70 hours a week on.  Here is the old headcount cost, broken down:  $120,000 for order entry reps keying PDF faxes into NetSuite all day$95,000 for cash application specialists chasing short-pays and messy ACHs$85,000 for credit controllers auditing past-due acc",Netsuite,"Remittance (remittance, remittance advice)",10,https://twitter.com/klyrAaX/status/2093002453469777985,Acknowledge their Netsuite friction regarding Remittance. Share non-pitch advisory perspective on deterministic CSV/API journal matching logic.,2026-09-09 21:03:38
2026-08-24 21:05:25 UTC,Twitter,@0x_EliasV,best detail in this grok bot writeup  he lets the bot draft collections emails.,"best detail in this grok bot writeup  he lets the bot draft collections emails. never send them  payment lands friday, applied monday, aging report stale in between, and the bot emails a customer who already paid asking where their money is  so before a draft is even queued: no payment in 5 days, no unapplied cash, no open credit memo  anyone who has run AR knows exactly why",General ERP / Accounting,Unapplied Cash (unapplied cash),7,https://twitter.com/0x_EliasV/status/2091995317340426731,Acknowledge their General ERP / Accounting friction regarding Unapplied Cash. Share non-pitch advisory perspective on deterministic CSV/API journal matching logic.,2026-09-09 21:03:38
2026-08-07 05:47:06 UTC,Twitter,@Ms_Logical,Recovery & Reconciliation Support Administrator Port Elizabeth  We require a Rec,"Recovery & Reconciliation Support Administrator Port Elizabeth  We require a Recovery & Reconciliation Support Administrator who will provide administrative support, helping to ensure recovery receipts, unallocated funds and reconciliation records are maintained accurately across client accounts. Updating the inhouse system, maintaining working registers, gathering remittance information, following up routine queries and preparing supporting info",General ERP / Accounting,"Remittance (remittance, remittance advice)",7,https://twitter.com/Ms_Logical/status/2085603620712509723,Acknowledge their General ERP / Accounting friction regarding Remittance. Share non-pitch advisory perspective on deterministic CSV/API journal matching logic.,2026-09-09 21:03:38
2026-07-21 02:19:40 UTC,Twitter,@na_adf,Mengarah orang Meeting non stop (5 time a week😭) “Bug dah settle ke belum” “Hi c,"Mengarah orang Meeting non stop (5 time a week😭) “Bug dah settle ke belum” “Hi client, please provie me remittance advice” Alot of system database need to be updated and handle “Hi our partner requested this, please settle it by this week” https://t.co/VTi0Mxvk3t",General ERP / Accounting,"Remittance (remittance, remittance advice)",7,https://twitter.com/na_adf/status/2079390826422280620,Acknowledge their General ERP / Accounting friction regarding Remittance. Share non-pitch advisory perspective on deterministic CSV/API journal matching logic.,2026-09-09 21:03:38
2026-07-17 21:14:30 UTC,Twitter,@EdGainesIII,"For those interested in the #NoSurprisesAct developments, we received technical","For those interested in the #NoSurprisesAct developments, we received technical requirements today from CMS that health plans will not like.  For the record, @ACEPAdvocacy & @EDPMA first requested these detailed codes in a comment letter in March '21--and many comment letters since.  Why will the health plans not like these reqs?   Because these technical requirements (known as RARC codes on the 835 remittance advice--see I told you it was techni",General ERP / Accounting,"Remittance (remittance, remittance advice)",7,https://twitter.com/EdGainesIII/status/2078226864104198588,Acknowledge their General ERP / Accounting friction regarding Remittance. Share non-pitch advisory perspective on deterministic CSV/API journal matching logic.,2026-09-09 21:03:38
2026-07-13 05:16:00 UTC,Twitter,@Mike_Kutola,Court has warned banks that internal approvals and payment schedules don't prove,"Court has warned banks that internal approvals and payment schedules don't prove money was sent.   For RTGS and EFT transactions, banks must produce actual transfer confirmations or remittance advice—not just their internal paper trail.",General ERP / Accounting,"Remittance (remittance, remittance advice)",7,https://twitter.com/Mike_Kutola/status/2076536096356507678,Acknowledge their General ERP / Accounting friction regarding Remittance. Share non-pitch advisory perspective on deterministic CSV/API journal matching logic.,2026-09-09 21:03:38
2026-07-11 19:16:42 UTC,Twitter,@cdemoormd,Wanna know how they are doing it? @bcbstx is taking any 99204/99214 or 99205/992,"Wanna know how they are doing it? @bcbstx is taking any 99204/99214 or 99205/99215 from in-network independent physicians and auto downcoding to a 99203/99213.   But they are being hella sneaky and not actually changing the code on the remittance advice.  They are using the following- “CO - Contractual Obligations 186 - Level of care change adjustment  N610 - Alert: Payment based on an appropriate level of care.”  Payment changes, adjustments cha",General ERP / Accounting,"Remittance (remittance, remittance advice)",9,https://twitter.com/cdemoormd/status/2076022892962488522,Acknowledge their General ERP / Accounting friction regarding Remittance. Share non-pitch advisory perspective on deterministic CSV/API journal matching logic.,2026-09-09 21:03:38
2026-07-04 09:33:40 UTC,Twitter,@CSALegal,Case Law Decoded | ITAT Mumbai | July 2026  ITO v. Priya Barbana Farrokh Irani [,"Case Law Decoded | ITAT Mumbai | July 2026  ITO v. Priya Barbana Farrokh Irani [2026] 187 https://t.co/ix5DmKIqaK 1130 (Mumbai - Trib.)  Property investment cannot be treated as unexplained when the money trail is complete.  Facts: Assessee purchased residential property. The Department treated the investment as unexplained under sec. 69. Assessee showed that funds came through foreign inward remittances from her husband, a British citizen, route",General ERP / Accounting,"Remittance (remittance, remittance advice)",7,https://twitter.com/CSALegal/status/2073339451338788969,Acknowledge their General ERP / Accounting friction regarding Remittance. Share non-pitch advisory perspective on deterministic CSV/API journal matching logic.,2026-09-09 21:19:25
2026-09-09 12:12:18 UTC,Twitter,@catchupcleanup,What data transfers to Puzzle:  ✓ Chart of accounts ✓ Customer + vendor records,"What data transfers to Puzzle:  ✓ Chart of accounts ✓ Customer + vendor records ✓ Transaction history (per option) ✓ Open AR/AP balances ✓ Bank reconciliation history ✓ Historical statements + payroll  Puzzle does NOT sync ongoing with QBO. Replacement, not supplement. https://t.co/wROHHfcF5o",Qbo,"Bank Reconciliation (bank reconciliation, bank rec)",7,https://twitter.com/catchupcleanup/status/2097659359199478162,Acknowledge their Qbo friction regarding Bank Reconciliation. Share non-pitch advisory perspective on deterministic CSV/API journal matching logic.,2026-09-09 21:30:58
2026-09-02 13:44:32 UTC,Twitter,@LydoniaTech,$3.1T is tied up in outstanding receivables.  Agentic #AI accelerates recovery:,$3.1T is tied up in outstanding receivables.  Agentic #AI accelerates recovery: - 8-15 day DSO reduction - 30% higher collections - 35% lower bad debt - 95%+ straight-through cash application  AR isn’t just collections. It’s revenue recovery.  Read blog: https://t.co/qJwMvu3XBk https://t.co/XWjf3HPV4Q,General ERP / Accounting,"Cash Application (cash application, dso)",7,https://twitter.com/LydoniaTech/status/2095145855435034870,Acknowledge their General ERP / Accounting friction regarding Cash Application. Share non-pitch advisory perspective on deterministic CSV/API journal matching logic.,2026-09-09 21:44:12
2026-09-02 07:14:30 UTC,Twitter,@Myr210729,You run the business. I’ll handle the books.  📌 Monthly bookkeeping 📌 Income &am,You run the business. I’ll handle the books.  📌 Monthly bookkeeping 📌 Income &amp; expense tracking 📌 Bank reconciliation 📌 Financial reports 📌 QuickBooks Online support  📩 DM me if you’re ready to take bookkeeping off your plate.  #QuickBooksOnline #VirtualBookkeeper https://t.co/eAho1m3Z9s,Quickbooks,"Bank Reconciliation (bank reconciliation, bank rec)",7,https://twitter.com/Myr210729/status/2095047698265301054,Acknowledge their Quickbooks friction regarding Bank Reconciliation. Share non-pitch advisory perspective on deterministic CSV/API journal matching logic.,2026-09-09 21:44:12
2026-09-10 00:13:56 UTC,Twitter / X,@DinoJVidiliCons,Most repetitive non-value-added tasks in mid-market SME ...,"6 ago 2026 — Bank reconciliation (NetSuite mid-market case, early 2026). A multi-location services company with 8 bank accounts across 3 entities and a 4 ...",Netsuite,"Bank Reconciliation (bank reconciliation, bank rec)",8,https://x.com/DinoJVidiliCons/article/2085352584726929634,Acknowledge their Netsuite friction regarding Bank Reconciliation. Share non-pitch advisory perspective on deterministic CSV/API journal matching logic.,2026-09-10 00:13:56
2026-09-10 00:30:51 UTC,Twitter / X,@Pradeep891730,Revenue-to-Cash Enterprise Twin - @Pradeep891730,"Jul 26, 2026 — Vendors building cash-application and remittance-matching automation, tested against batch receipts, short pays and unapplied cash that behave ...Read more",General ERP / Accounting,"Unapplied Cash (unapplied cash, remittance)",7,https://x.com/Pradeep891730/article/2081350174509801749?lang=ar,Acknowledge their General ERP / Accounting friction regarding Unapplied Cash. Share non-pitch advisory perspective on deterministic CSV/API journal matching logic.,2026-09-10 00:30:51
2026-02-23 23:49:41 UTC,Twitter / X,@paycomcareers,"Paycom Careers: ""Interested in a job in Oklahoma City, OK? ...","The Client Receivable Specialist is primarily responsible for processing reverse wire requests, applying client funds and research of unapplied cash. These ...",General ERP / Accounting,Unapplied Cash (unapplied cash),7,https://x.com/paycomcareers/status/2026082064634949963,Acknowledge their General ERP / Accounting friction regarding Unapplied Cash. Share non-pitch advisory perspective on deterministic CSV/API journal matching logic.,2026-09-10 00:30:51
2026-09-10 00:30:51 UTC,Twitter / X,@TwitterUser,VRSapients | Real Estate & Outsourced Accounting,"Trust accounts, security deposits, owner draws, or unapplied cash. Which one is creating the biggest mess in your portfolio right now? #PropertyManagement ...Read more",Sap,Unapplied Cash (unapplied cash),7,https://www.google.com/goto?url=CAESUAHrOzAV3WB_FIkorlU8sI4S3PtR3FGbCXyfxrzQqNrAAaAsJi2pjwl6aRonTN9F6oOolsGPvcPLjSrA5i_P2HQI7v9J2yefLbOEiOpfli9Q,Acknowledge their Sap friction regarding Unapplied Cash. Share non-pitch advisory perspective on deterministic CSV/API journal matching logic.,2026-09-10 00:30:51
2026-09-10 00:31:29 UTC,Twitter / X,@NoBlue2Cloud,NoBlue2 (@NoBlue2Cloud),"... remittance advice are captured and read without anyone lifting a finger, and how credit risk surfaces before it becomes a problem — all within NetSuite.",Netsuite,"Remittance (remittance, remittance advice)",8,https://x.com/NoBlue2Cloud,Acknowledge their Netsuite friction regarding Remittance. Share non-pitch advisory perspective on deterministic CSV/API journal matching logic.,2026-09-10 00:31:29
2026-09-10 00:31:29 UTC,Twitter / X,@MakersHub_AP,MakersHub Official (@MakersHub_AP),"Stop emailing remittance advice, lien waivers, and W-9s separately. Send everything in one envelope with MakersHub. hubs.la/Q04mycLr0 #APAutomation ...",General ERP / Accounting,"Remittance (remittance, remittance advice)",7,https://x.com/MakersHub_AP,Acknowledge their General ERP / Accounting friction regarding Remittance. Share non-pitch advisory perspective on deterministic CSV/API journal matching logic.,2026-09-10 00:31:29
2026-09-10 00:31:29 UTC,Twitter / X,@Pradeep891730,Revenue-to-Cash Enterprise Twin - @Pradeep891730,"26 jul 2026 — Narrative. templated correspondence — dunning notices, dispute queries, remittance advice — and a system event trail across CRM, CPQ, OMS, WMS, ...",General ERP / Accounting,"Remittance (remittance, remittance advice)",7,https://x.com/Pradeep891730/article/2081350174509801749?lang=ar,Acknowledge their General ERP / Accounting friction regarding Remittance. Share non-pitch advisory perspective on deterministic CSV/API journal matching logic.,2026-09-10 00:31:29
2026-05-25 09:29:04 UTC,Twitter / X,@beaconliai,How Enterprise FinTech Vendors Are Cutting ...,"Cash application tools need to ingest bank files, match remittances, and write results back into accounting records. Treasury platforms need to ...Read more",General ERP / Accounting,"Remittance (remittance, cash application)",7,https://x.com/beaconliai/status/2058842779107910033,Acknowledge their General ERP / Accounting friction regarding Remittance. Share non-pitch advisory perspective on deterministic CSV/API journal matching logic.,2026-09-09 19:20:46
2026-09-02 16:19:41 UTC,Twitter / X,@realtarek,"Today, we're proud to announce the next phase of ...","Stuut also integrates with Microsoft Dynamics 365, allowing finance teams to automate collections, cash application, payments, credit, disputes, ...Read more",Microsoft Dynamics,Cash Application (cash application),7,https://x.com/realtarek/status/2095184898478784970,Acknowledge their Microsoft Dynamics friction regarding Cash Application. Share non-pitch advisory perspective on deterministic CSV/API journal matching logic.,2026-09-09 19:20:46
2026-07-21 17:12:38 UTC,Twitter / X,@usemonk,"""Monk now integrates with Rillet. If your finance team runs on ...","Monk now integrates with Rillet. If your finance team runs on Rillet, you can now sync that data straight into Monk, so collections, cash application, ...",General ERP / Accounting,Cash Application (cash application),7,https://x.com/usemonk/status/2079615548011204890,Acknowledge their General ERP / Accounting friction regarding Cash Application. Share non-pitch advisory perspective on deterministic CSV/API journal matching logic.,2026-09-09 19:20:46
2026-07-28 13:12:44 UTC,Twitter / X,@whitehorsemanpo,X,Job Description for AR Cash Application Specialist O2C SAP/ERP B.com2+Yrs Day Shift Mysore in White Horse Manpower Consultancy in Mysuru for 2 ...Read more,Sap,"Cash Application (cash application, o2c)",7,https://x.com/whitehorsemanpo/status/2082091888598036786,Acknowledge their Sap friction regarding Cash Application. Share non-pitch advisory perspective on deterministic CSV/API journal matching logic.,2026-09-09 19:20:46
2026-07-25 15:17:48 UTC,Twitter / X,@samboboev,Billtrust Is the First AR Platform to Connect Live Invoice-to-Cash ...,"... cash application, and AR analytics. A CFO can ask AI to ""Summarize our AR risk going into quarter end"" and instantly receive an executive summary. An AR ...",General ERP / Accounting,Cash Application (cash application),7,https://x.com/samboboev/status/2081036201906110601,Acknowledge their General ERP / Accounting friction regarding Cash Application. Share non-pitch advisory perspective on deterministic CSV/API journal matching logic.,2026-09-09 19:20:46
2026-09-09 19:20:46 UTC,Twitter / X,@TwitterUser,Stacks (@_StacksAI),"Today we're launching the Cash Application agent. It reads your remittance advice, matches every incoming payment to the right invoices, and explains each ...Read more",General ERP / Accounting,"Remittance (remittance, remittance advice)",7,https://www.google.com/goto?url=CAESTwHrOzAVAnGcKTRU82Sdf5XvZhpz2uy2erMiBWbGrIB9szDFCMOedt0XiMw8DDjU-a4pCSMI-x0cNcWR6OZgQD-5P1fnE57pH27H1Du_A74,Acknowledge their General ERP / Accounting friction regarding Remittance. Share non-pitch advisory perspective on deterministic CSV/API journal matching logic.,2026-09-09 19:20:46
2026-09-09 19:20:46 UTC,Twitter / X,@TwitterUser,inecta Food ERP (@iNECTA_LLC),"Nov 7, 2023. Cash Application: Streamlining the Process for Efficient Cash Flow Management. Cash Application: Streamlining the Process for Efficient Cash Flow ...Read more",General ERP / Accounting,Cash Application (cash application),7,https://www.google.com/goto?url=CAESUAHrOzAVpytzvQwoMsT6pUqLAyQ02L2Ggp_aRkyXvQaxG5fzz-lj8Qp2n7Wcqk-rMmFW3fYGzLLjrnQxmX6Ogwzs2D6fPWlPWaoixf7OZ40O,Acknowledge their General ERP / Accounting friction regarding Cash Application. Share non-pitch advisory perspective on deterministic CSV/API journal matching logic.,2026-09-09 19:20:46
2026-09-09 19:20:46 UTC,Twitter / X,@TwitterUser,OPEN SCAN (@OPENSCAN),"Oct 9, 2014. Things to consider when selecting a cash application solution: goo.gl/KcrhA9 #customerservice #IT #CFO ... Oct 8, 2014. Does it take your company ...Read more",General ERP / Accounting,Cash Application (cash application),7,https://www.google.com/goto?url=CAESTgHrOzAVxwj6xiKER_L1-Ia8yQLmFdMzSd1Tc5UpsQjRu9BBMmw89_VCGS70ui6NgY9MP70XaMlnoCSaeYc8ZwndjOt6EXGnLWfyP6TA_Q,Acknowledge their General ERP / Accounting friction regarding Cash Application. Share non-pitch advisory perspective on deterministic CSV/API journal matching logic.,2026-09-09 19:20:46
2026-09-10 00:55:10 UTC,Twitter / X,@_StacksAI,Stacks (@_StacksAI),"Today we're launching the Cash Application agent. It reads your remittance advice, matches every incoming payment to the right invoices, and explains each ...Read more",General ERP / Accounting,"Remittance (remittance, remittance advice)",7,https://x.com/_StacksAI,Acknowledge their General ERP / Accounting friction regarding Remittance. Share non-pitch advisory perspective on deterministic CSV/API journal matching logic.,2026-09-10 00:55:10
2026-09-10 00:55:10 UTC,Twitter / X,@iNECTA_LLC,inecta Food ERP (@iNECTA_LLC) / ...,"Nov 7, 2023. Cash Application: Streamlining the Process for Efficient Cash Flow Management. Cash Application: Streamlining the Process for Efficient Cash Flow ...Read more",General ERP / Accounting,Cash Application (cash application),7,https://x.com/iNECTA_LLC,Acknowledge their General ERP / Accounting friction regarding Cash Application. Share non-pitch advisory perspective on deterministic CSV/API journal matching logic.,2026-09-10 00:55:10
2026-09-10 00:55:10 UTC,Twitter / X,@openscan,OPEN SCAN (@OPENSCAN),"Oct 9, 2014. Things to consider when selecting a cash application solution: goo.gl/KcrhA9 #customerservice #IT #CFO ... Oct 8, 2014. Does it take your company ...Read more",General ERP / Accounting,Cash Application (cash application),7,https://x.com/openscan,Acknowledge their General ERP / Accounting friction regarding Cash Application. Share non-pitch advisory perspective on deterministic CSV/API journal matching logic.,2026-09-10 00:55:10
2026-08-21 11:44:29 UTC,Twitter / X,@Pradeep891730,SAP & Oracle ERP Technical Documentation Corpus,SAP Banking-Oriented Programs (13 codes) — Account reconciliation | Transaction reconciliation ... Lockbox processing utility | and 8 more. 53.Read more,Sap,Lockbox (lockbox),9,https://x.com/Pradeep891730/status/2090766991363919889,Acknowledge their Sap friction regarding Lockbox. Share non-pitch advisory perspective on deterministic CSV/API journal matching logic.,2026-09-10 01:06:48
2026-09-09 20:04:20 UTC,Twitter / X,@TwitterUser,VRSapients | Real Estate & Outsourced Accounting,"Trust accounts, security deposits, owner draws, or unapplied cash. Which one is creating the biggest mess in your portfolio right now? #PropertyManagement ...Read more",Sap,Unapplied Cash (unapplied cash),7,https://www.google.com/goto?url=CAESUAHrOzAVA4slJt_xYhazjf13iBnZBgty7RKSSVJWCjJkY9Xch85dxNfEnCIze-CIBQA3hk3806CUQbQJBJ6C2Mixd0PcpkaArbFgoIlGfkvV,Acknowledge their Sap friction regarding Unapplied Cash. Share non-pitch advisory perspective on deterministic CSV/API journal matching logic.,2026-09-09 20:04:20
2026-09-10 05:21:56 UTC,Twitter / X,@TwitterUser,inecta Food ERP (@iNECTA_LLC),"Nov 7, 2023. Cash Application: Streamlining the Process for Efficient Cash Flow Management. Cash Application: Streamlining the Process for Efficient Cash Flow ...",General ERP / Accounting,Cash Application (cash application),7,https://www.google.com/goto?url=CAESUAHrOzAVqvPAMtozubLwJbSrSZu5CjNCWqIc71BIEZKKtxgXUusmyT60SuWrdwUCwrZSgZ94UNqX4hLd-tRW--XC0mcj0Sheg7dzuvFCa0Id,Acknowledge their General ERP / Accounting friction regarding Cash Application. Share non-pitch advisory perspective on deterministic CSV/API journal matching logic.,2026-09-10 05:21:56
2026-09-10 05:21:56 UTC,Twitter / X,@TwitterUser,Stacks (@_StacksAI),"Today we're launching the Cash Application agent. It reads your remittance advice, matches every incoming payment to the right invoices, and explains each ...",General ERP / Accounting,"Remittance (remittance, remittance advice)",7,https://www.google.com/goto?url=CAESTwHrOzAVQ-sI4sxeqT8PeWKBFHrLwHtzCe82tqnQEoWzSf-86fyiPkQSRh3pntFNIcEbBEweMEI9U014_WMU29AFsjRioONUiuG6v4_tD4Y,Acknowledge their General ERP / Accounting friction regarding Remittance. Share non-pitch advisory perspective on deterministic CSV/API journal matching logic.,2026-09-10 05:21:56
2026-09-10 05:21:56 UTC,Twitter / X,@TwitterUser,OPEN SCAN (@OPENSCAN),"Oct 9, 2014. Things to consider when selecting a cash application solution: goo.gl/KcrhA9 #customerservice #IT #CFO ... Oct 8, 2014. Does it take your company ...",General ERP / Accounting,Cash Application (cash application),7,https://www.google.com/goto?url=CAESTgHrOzAVJnRgp0NW0xlmldBAvNfGJ880phOAPxgv5dp9juuoto5b9OZBTCVuuAJsfBBdz0Xevd1EdKS93hx_onjnMs7Pt5VoLll6bgRY6w,Acknowledge their General ERP / Accounting friction regarding Cash Application. Share non-pitch advisory perspective on deterministic CSV/API journal matching logic.,2026-09-10 05:21:56
2026-08-24 20:00:25 UTC,Twitter / X,@0x_Anni,How Grok Bot Automated Our Sales Desk and ...,"RECONCILER does cash application: parses remittance advice out of the payment email or PDF, matches against open invoices, splits correctly, ...Read more",General ERP / Accounting,"Remittance (remittance, remittance advice)",7,https://x.com/0x_Anni/status/2091978958200053982?s=20,Acknowledge their General ERP / Accounting friction regarding Remittance. Share non-pitch advisory perspective on deterministic CSV/API journal matching logic.,2026-09-10 18:40:26
2026-09-10 19:35:48 UTC,Twitter / X,@vrsapients,VRSapients | Real Estate & Outsourced Accounting,"Trust accounts, security deposits, owner draws, or unapplied cash. Which one is creating the biggest mess in your portfolio right now? #PropertyManagement ...Read more",Sap,Unapplied Cash (unapplied cash),7,https://x.com/vrsapients,Acknowledge their Sap friction regarding Unapplied Cash. Share non-pitch advisory perspective on deterministic CSV/API journal matching logic.,2026-09-10 19:35:48
2026-09-10 14:19:50 UTC,Twitter / X,@TwitterUser,NoBlue2 (@NoBlue2Cloud),"... remittance advice are captured and read without anyone lifting a finger, and how credit risk surfaces before it becomes a problem — all within NetSuite.Read more",Netsuite,"Remittance (remittance, remittance advice)",8,https://www.google.com/goto?url=CAESUgHrOzAVixdu6piEs70OZ_-g5eUeFxeJlcbxXiFuxODOgFqMR-nr0dRZvz3gFB_HRZxCVU8q634TH3n3xXSXOeA5Bu2hZF0opKp-24kmQBKUKHI,Acknowledge their Netsuite friction regarding Remittance. Share non-pitch advisory perspective on deterministic CSV/API journal matching logic.,2026-09-10 14:19:50
2026-09-10 14:19:50 UTC,Twitter / X,@TwitterUser,MakersHub Official (@MakersHub_AP) ...,"Stop emailing remittance advice, lien waivers, and W-9s separately. Send everything in one envelope with MakersHub. hubs.la/Q04mycLr0 #APAutomation ...Read more",General ERP / Accounting,"Remittance (remittance, remittance advice)",7,https://www.google.com/goto?url=CAESUgHrOzAV9LKc18bKiy7-HZy_zbs816tgu12XIBjgfMkdTFv_EzzHYg_dyJD2seg0tH5Ar8uWHvtrNJ10NgkZsjCPwVQlWytC2kwoZFZq_HpRbYs,Acknowledge their General ERP / Accounting friction regarding Remittance. Share non-pitch advisory perspective on deterministic CSV/API journal matching logic.,2026-09-10 14:19:50
2026-09-10 20:32:46 UTC,Twitter / X,@TwitterUser,"Paycom Careers: ""Interested in a job in Oklahoma City, OK? ...","The Client Receivable Specialist is primarily responsible for processing reverse wire requests, applying client funds and research of unapplied cash. These ...",General ERP / Accounting,Unapplied Cash (unapplied cash),7,https://www.google.com/goto?url=CAESbgHrOzAVeS6U0DETycPr5FA0IixEhl-TrAZKAwUknB71lv0bKt3u8TWMJFRr7wpZPkc3sCGddhoy_-aVcRDRXSNuFTolyIXB3uykBYT68dhwLUba7asvfM47ZdBu1ShJ8Vx35rXO4HEJ3_PidtjE,Acknowledge their General ERP / Accounting friction regarding Unapplied Cash. Share non-pitch advisory perspective on deterministic CSV/API journal matching logic.,2026-09-10 20:32:46
2026-09-10 23:53:51 UTC,Twitter / X,@TwitterUser,OPEN SCAN (@OPENSCAN),"Oct 9, 2014. Things to consider when selecting a cash application solution: goo.gl/KcrhA9 #customerservice #IT #CFO ... Oct 8, 2014. Does it take your company ...",General ERP / Accounting,Cash Application (cash application),7,https://www.google.com/goto?url=CAESTgHrOzAVOGfQmxu3ZSFK_bM3JNDs8m70OTfAhY-PK01AoV685OKzUyoW3AjkrrZF6UxZcZt284Ey0cDKeSEU2mh9jcTugkvu3gcD40iwdw,Acknowledge their General ERP / Accounting friction regarding Cash Application. Share non-pitch advisory perspective on deterministic CSV/API journal matching logic.,2026-09-10 23:53:51
2026-09-10 23:54:06 UTC,Twitter / X,@TwitterUser,Revenue-to-Cash Enterprise Twin - @Pradeep891730,"Jul 26, 2026 — It is a full order-to-cash world — customers, funnel, orders, shipments, invoices, cash application, receivables and a complete double-entry ...Read more",General ERP / Accounting,Cash Application (cash application),7,https://www.google.com/goto?url=CAESdwHrOzAVYyFpeTQeZsgmLQjT8a_RBbxRh3DmSWhjVIYWKYQXkfG-XrReyHLSWP_qXGageuGKcuCJUlIhMkSLWEbinTmqj5_ON-wiQoJ1Jea6bxe2gO9soVF4lqXuZKFvsITuxkL7FxRxxCn--2t3G295rKRy2x4A,Acknowledge their General ERP / Accounting friction regarding Cash Application. Share non-pitch advisory perspective on deterministic CSV/API journal matching logic.,2026-09-10 23:54:06
2026-09-10 23:54:06 UTC,Twitter / X,@TwitterUser,"""Monk now integrates with Rillet. If your finance team runs on ...","Monk now integrates with Rillet. If your finance team runs on Rillet, you can now sync that data straight into Monk, so collections, cash application, ...",General ERP / Accounting,Cash Application (cash application),7,https://www.google.com/goto?url=CAESaAHrOzAVWpFuyv9h-44eAhIVWmaDEdLhwwMIKzilJhTPw_EOnnKxGMnogjsVj_OC1SWm7ayUUOhvl4GSv8NBzqBnKwQOIsKM75EDF4SFVxuiTu2w3M0WwgpK4hSPZc7Jx2jXxMX-EAIa,Acknowledge their General ERP / Accounting friction regarding Cash Application. Share non-pitch advisory perspective on deterministic CSV/API journal matching logic.,2026-09-10 23:54:06
2026-09-11 10:02:56 UTC,Twitter / X,@TwitterUser,VRSapients | Real Estate & Outsourced Accounting,"Trust accounts, security deposits, owner draws, or unapplied cash. Which one is creating the biggest mess in your portfolio right now? #PropertyManagement ...",Sap,Unapplied Cash (unapplied cash),7,https://www.google.com/goto?url=CAESUAHrOzAVIjWxqMxoM0Mm9yc-lkUP8iCQj3IDvMg81a72syfSjAWEp7MXnRXsi9zoPffnyoZutMjw4pw48zl_Ra3d4oFcR6oQr38Qh3g-1IrL,Acknowledge their Sap friction regarding Unapplied Cash. Share non-pitch advisory perspective on deterministic CSV/API journal matching logic.,2026-09-11 10:02:56
2026-09-11 15:12:38 UTC,Twitter / X,@TwitterUser,VRSapients | Real Estate & Outsourced Accounting,"Trust accounts, security deposits, owner draws, or unapplied cash. Which one is creating the biggest mess in your portfolio right now? #PropertyManagement ...Read more",Sap,Unapplied Cash (unapplied cash),7,https://www.google.com/goto?url=CAESUAHrOzAVf3s7FgQAMB7ATPnusFc02Vp0PN1RwrtpnzhuJO09V7EPA6TGsg3ORElPPEc2IwJx5__wWZFtpp2PVBUQJxvnSYXvtAVLwFSjuNFt,Acknowledge their Sap friction regarding Unapplied Cash. Share non-pitch advisory perspective on deterministic CSV/API journal matching logic.,2026-09-11 15:12:38
2026-09-11 15:31:46 UTC,Twitter / X,@TwitterUser,NoBlue2 (@NoBlue2Cloud),"... remittance advice are captured and read without anyone lifting a finger, and how credit risk surfaces before it becomes a problem — all within NetSuite.",Netsuite,"Remittance (remittance, remittance advice)",8,https://www.google.com/goto?url=CAESUgHrOzAV_xGCh5-FZVVrxAx_uq6HGF3HHEjaA46d1Lts411Sl8dsYkr630zRJ_nWNy1LErB0IBaPavlo0q1egarnQeGd5aADuhlEXtXSSgVzRzw,Acknowledge their Netsuite friction regarding Remittance. Share non-pitch advisory perspective on deterministic CSV/API journal matching logic.,2026-09-11 15:31:46
2026-09-11 15:31:46 UTC,Twitter / X,@TwitterUser,MakersHub Official (@MakersHub_AP) ...,"Stop emailing remittance advice, lien waivers, and W-9s separately. Send everything in one envelope with MakersHub. hubs.la/Q04mycLr0 #APAutomation ...",General ERP / Accounting,"Remittance (remittance, remittance advice)",7,https://www.google.com/goto?url=CAESUgHrOzAVR9_yap4kwipZ3cbTYe9iW8j7_WvrUnWREXDM_4oFYJ43-LQeDvVFcUWenKzDBGw1NLcJzEdfjtrWq0q5T-S-58lUN_vMCX_eXipP49M,Acknowledge their General ERP / Accounting friction regarding Remittance. Share non-pitch advisory perspective on deterministic CSV/API journal matching logic.,2026-09-11 15:31:46
2026-09-11 18:02:30 UTC,Twitter / X,@TwitterUser,VRSapients | Real Estate & Outsourced Accounting,"Trust accounts, security deposits, owner draws, or unapplied cash. Which one is creating the biggest mess in your portfolio right now? #PropertyManagement ...",Sap,Unapplied Cash (unapplied cash),7,https://www.google.com/goto?url=CAESUAHrOzAVQ2C9TS_kvRPyGDoYagrcLir1wqV14DjJY-_lkZ-JHCwMG36arkJFfSFcx1jX8dJ5FI5OtMQ_4AURBam5mgEZN1IeZ2-hvbB-7CBS,Acknowledge their Sap friction regarding Unapplied Cash. Share non-pitch advisory perspective on deterministic CSV/API journal matching logic.,2026-09-11 18:02:30
2026-09-11 23:50:16 UTC,Twitter / X,@rapidcanvas,RapidCanvas,"$15M in unapplied cash. Sitting in a suspense account. For five years. Multiple acquired billing systems, no common customer IDs, and off-the-shelf tools ...Read more",General ERP / Accounting,"Unapplied Cash (unapplied cash, suspense account)",7,https://x.com/rapidcanvas,Acknowledge their General ERP / Accounting friction regarding Unapplied Cash. Share non-pitch advisory perspective on deterministic CSV/API journal matching logic.,2026-09-11 23:50:16
2026-09-11 18:21:52 UTC,Twitter / X,@TwitterUser,VRSapients | Real Estate & Outsourced Accounting,"Trust accounts, security deposits, owner draws, or unapplied cash. Which one is creating the biggest mess in your portfolio right now? #PropertyManagement ...",Sap,Unapplied Cash (unapplied cash),7,https://www.google.com/goto?url=CAESUAHrOzAV9QpwFwPHCzweJYrwA8k0aXkmRhXfaSgdzuKSvIz4fxjdvz8C_5XBcqyCx-O06Mz7mPIBqMIY-sydeYRPK2BTgM5WxVZlbUw0Rbz7,Acknowledge their Sap friction regarding Unapplied Cash. Share non-pitch advisory perspective on deterministic CSV/API journal matching logic.,2026-09-11 18:21:52
2026-09-11 19:02:01 UTC,Twitter / X,@TwitterUser,Stacks (@_StacksAI),"Today we're launching the Cash Application agent. It reads your remittance advice, matches every incoming payment to the right invoices, and explains each ...",General ERP / Accounting,"Remittance (remittance, remittance advice)",7,https://www.google.com/goto?url=CAESTwHrOzAVOVBitXWvmoeTbjg9pTtvt2BvFBh_oiTSqQAUQMOCUAqMgcy438JFLpXjGJ58-Z3RU8-cUI96Gtk3xymyIbG5P2BbODlqJKfLr9w,Acknowledge their General ERP / Accounting friction regarding Remittance. Share non-pitch advisory perspective on deterministic CSV/API journal matching logic.,2026-09-11 19:02:01
2026-09-11 19:02:01 UTC,Twitter / X,@TwitterUser,inecta Food ERP (@iNECTA_LLC) / ...,"Nov 7, 2023. Cash Application: Streamlining the Process for Efficient Cash Flow Management. Cash Application: Streamlining the Process for Efficient Cash Flow ...",General ERP / Accounting,Cash Application (cash application),7,https://www.google.com/goto?url=CAESUAHrOzAVKbjjrTFCewS7dDjoDMY4kWKdqoS8BbyKgF6RV8T-2p7EZnmTaI5eE46NrUDIkKxsbcSZo0sVKL05ErdoJbGfE6HaKgjS4tub7ynb,Acknowledge their General ERP / Accounting friction regarding Cash Application. Share non-pitch advisory perspective on deterministic CSV/API journal matching logic.,2026-09-11 19:02:01
2026-09-11 21:02:21 UTC,Twitter / X,@TwitterUser,VRSapients | Real Estate & Outsourced Accounting,"Trust accounts, security deposits, owner draws, or unapplied cash. Which one is creating the biggest mess in your portfolio right now? #PropertyManagement ...Read more",Sap,Unapplied Cash (unapplied cash),7,https://www.google.com/goto?url=CAESUAHrOzAVFqPeTGuJNkf0GnyCgePiGdVkkfQ429LpEzciQZmhWbuhA_LhfO3y7_uNL1IIb70blHf2Azp-SSOP9mExJNc6R1TnZmdE5EJ9betz,Acknowledge their Sap friction regarding Unapplied Cash. Share non-pitch advisory perspective on deterministic CSV/API journal matching logic.,2026-09-11 21:02:21
2026-09-11 21:12:26 UTC,Twitter / X,@TwitterUser,VRSapients | Real Estate & Outsourced Accounting,"Trust accounts, security deposits, owner draws, or unapplied cash. Which one is creating the biggest mess in your portfolio right now? #PropertyManagement ...Read more",Sap,Unapplied Cash (unapplied cash),7,https://www.google.com/goto?url=CAESUAHrOzAVFRVkgV5oLvgV5i-ybx8YBJmC2L-_CmDEoRDmQLW6E6ghLeZDdot0R7np12LJQyX4fzejAb87R76BXYOgjul73bC4HInYsSwW4GF-,Acknowledge their Sap friction regarding Unapplied Cash. Share non-pitch advisory perspective on deterministic CSV/API journal matching logic.,2026-09-11 21:12:26
2026-09-11 21:31:49 UTC,Twitter / X,@TwitterUser,NoBlue2 (@NoBlue2Cloud),"... remittance advice are captured and read without anyone lifting a finger, and how credit risk surfaces before it becomes a problem — all within NetSuite.Read more",Netsuite,"Remittance (remittance, remittance advice)",8,https://www.google.com/goto?url=CAESUgHrOzAVcUeIrrah88gx5RXtHHGDot0iBkRjK0GOz7PM3f1zmWieGHw7OEa6nv42M_bHUtbt3-RmdBI8RdXxmK-jAUbXVle4oXVbj7DlISzysk4,Acknowledge their Netsuite friction regarding Remittance. Share non-pitch advisory perspective on deterministic CSV/API journal matching logic.,2026-09-11 21:31:49
2026-09-11 21:31:49 UTC,Twitter / X,@TwitterUser,MakersHub Official (@MakersHub_AP) ...,"Stop emailing remittance advice, lien waivers, and W-9s separately. Send everything in one envelope with MakersHub. hubs.la/Q04mycLr0 #APAutomation ...Read more",General ERP / Accounting,"Remittance (remittance, remittance advice)",7,https://www.google.com/goto?url=CAESUgHrOzAVKK-Dt3qUrMEg7bBvhFA3w-eZMNBmq2zOS22GhFsk-Sk2gl3Clo8RQ5N05ZzTYrFSZth6_Rc_TBlNM05sx5qzSc-77piGD5TZ2gOgrvU,Acknowledge their General ERP / Accounting friction regarding Remittance. Share non-pitch advisory perspective on deterministic CSV/API journal matching logic.,2026-09-11 21:31:49
2026-09-11 22:01:56 UTC,Twitter / X,@TwitterUser,Stacks (@_StacksAI),"Today we're launching the Cash Application agent. It reads your remittance advice, matches every incoming payment to the right invoices, and explains each ...Read more",General ERP / Accounting,"Remittance (remittance, remittance advice)",7,https://www.google.com/goto?url=CAESTwHrOzAVyGnEDud-sHy6uRYekYsFbWIL9JzAEtbVyYeUdyplY8SJd4bi9G8GhCZY7ChatE4GJF0pE0GDN0oSo1CwqCJFcOkUpGJZ9L9gw_I,Acknowledge their General ERP / Accounting friction regarding Remittance. Share non-pitch advisory perspective on deterministic CSV/API journal matching logic.,2026-09-11 22:01:56
2026-09-11 22:01:56 UTC,Twitter / X,@TwitterUser,inecta Food ERP (@iNECTA_LLC) / ...,"Nov 7, 2023. Cash Application: Streamlining the Process for Efficient Cash Flow Management. Cash Application: Streamlining the Process for Efficient Cash Flow ...Read more",General ERP / Accounting,Cash Application (cash application),7,https://www.google.com/goto?url=CAESUAHrOzAVuNvRuahGB_Nc6yYv63ztlNWGUGBAI288XDnTvjnbWbeo2-GaHDny1XaHiSmdU2tmMLVvr9R13WGT2ocHT-3OhSJycrKUBKqfVBYa,Acknowledge their General ERP / Accounting friction regarding Cash Application. Share non-pitch advisory perspective on deterministic CSV/API journal matching logic.,2026-09-11 22:01:56
2026-09-12 00:02:06 UTC,Twitter / X,@TwitterUser,VRSapients | Real Estate & Outsourced Accounting,"Trust accounts, security deposits, owner draws, or unapplied cash. Which one is creating the biggest mess in your portfolio right now? #PropertyManagement ...Read more",Sap,Unapplied Cash (unapplied cash),7,https://www.google.com/goto?url=CAESUAHrOzAVjvggMqDMA30tRNB2CkZ3gZzwwt14JlGNtBwrTYAjHM7cYNMorq_7r5vhy_uCazdr8YXvIuab3iRdUxpTyv_vrc_mcpXR3N_FsxAY,Acknowledge their Sap friction regarding Unapplied Cash. Share non-pitch advisory perspective on deterministic CSV/API journal matching logic.,2026-09-12 00:02:06
2026-09-12 00:32:03 UTC,Twitter / X,@TwitterUser,NoBlue2 (@NoBlue2Cloud),"... remittance advice are captured and read without anyone lifting a finger, and how credit risk surfaces before it becomes a problem — all within NetSuite.Read more",Netsuite,"Remittance (remittance, remittance advice)",8,https://www.google.com/goto?url=CAESUgHrOzAV4Q-01SzPcP1kVO63bX2KBb7489FlLT4Ol6e0I9y8qTuSAlh5yjK7mGf1InjDS1L2WTAQpQV90gqAEaksbQ7QFLetWowPP9xHztBewWo,Acknowledge their Netsuite friction regarding Remittance. Share non-pitch advisory perspective on deterministic CSV/API journal matching logic.,2026-09-12 00:32:03
2026-09-12 00:32:03 UTC,Twitter / X,@TwitterUser,MakersHub Official (@MakersHub_AP) ...,"Stop emailing remittance advice, lien waivers, and W-9s separately. Send everything in one envelope with MakersHub. hubs.la/Q04mycLr0 #APAutomation ...Read more",General ERP / Accounting,"Remittance (remittance, remittance advice)",7,https://www.google.com/goto?url=CAESUgHrOzAVTQy-bAPaD29KMDqyKfSvTNqDFDa1Amuvsm-4qMV2zmHymO01I1lcTk5eIMUbYK7HEn1kM-I087fH9VuR19sF6Wmc-0a7qxn1-8l_R-s,Acknowledge their General ERP / Accounting friction regarding Remittance. Share non-pitch advisory perspective on deterministic CSV/API journal matching logic.,2026-09-12 00:32:03
2026-09-12 01:02:12 UTC,Twitter / X,@TwitterUser,Stacks (@_StacksAI),"Today we're launching the Cash Application agent. It reads your remittance advice, matches every incoming payment to the right invoices, and explains each ...Read more",General ERP / Accounting,"Remittance (remittance, remittance advice)",7,https://www.google.com/goto?url=CAESTwHrOzAVWh-QqAC3cvqzfuqqWtTMO7gJYdefndsS3zpP2Bn6ATWZ4TVF2mLSlPdYBlXMYvDylHAQeh2EPSG-IE3sO-iPLv3J1dN0254ZJQk,Acknowledge their General ERP / Accounting friction regarding Remittance. Share non-pitch advisory perspective on deterministic CSV/API journal matching logic.,2026-09-12 01:02:12
2026-09-12 01:02:12 UTC,Twitter / X,@TwitterUser,inecta Food ERP (@iNECTA_LLC) / ...,"Nov 7, 2023. Cash Application: Streamlining the Process for Efficient Cash Flow Management. Cash Application: Streamlining the Process for Efficient Cash Flow ...Read more",General ERP / Accounting,Cash Application (cash application),7,https://www.google.com/goto?url=CAESUAHrOzAVZERSyo256E1aHPE4ngEeYIZoRCk9pXGMGd6n4RHS3fRmQogTGPv5p08lh8f31oGNisee97phRmLGV9GF5dXzOum1oyKNnkh03pgG,Acknowledge their General ERP / Accounting friction regarding Cash Application. Share non-pitch advisory perspective on deterministic CSV/API journal matching logic.,2026-09-12 01:02:12
2026-09-13 18:51:32 UTC,Twitter / X,@Engini_ai,Engini AI (@Engini_ai),"Your finance team isn't doing accounting. They're doing data entry. Engini automates cash application on top of your existing ERP: SAP, NetSuite, whatever you have. Weeks to go live. Not quarters.",Netsuite,Cash Application (cash application),8,https://x.com/Engini_ai,Acknowledge their Netsuite friction regarding Cash Application. Share non-pitch advisory perspective on deterministic CSV/API journal matching logic.,2026-09-13 18:51:32
2026-09-13 18:51:32 UTC,Twitter / X,@joeschmidtiv,Lighthouse or Landgrab? | Joe Schmidt IV (@joeschmidtiv),"Jul 27, 2026 ·   Take Stuut, which automates accounts receivable: collections, payments, cash application, and dispute resolution. SAP and Oracle ship AR modules in their ERP suites, and players like HighRadius have sold point solutions since the early 2000s.",Sap,"Cash Application (cash application, accounts receivable)",7,https://x.com/joeschmidtiv/article/2081769683066421522,Acknowledge their Sap friction regarding Cash Application. Share non-pitch advisory perspective on deterministic CSV/API journal matching logic.,2026-09-13 18:51:32
2025-12-23 17:59:40 UTC,Twitter / X,@JayaGup10,"Jaya Gupta: ""https://t.co/uPXcTUEsnc""","Dec 23, 2025 ·   Maximor is doing this in finance: automating cash, close management, and core accounting workflows without ripping out the GL. The ERP remains the ledger, but Maximor becomes the source of truth where the reconciliation logic lives.",General ERP / Accounting,Reconciliation (reconciliation),7,https://x.com/JayaGup10/status/2003525933534179480,Acknowledge their General ERP / Accounting friction regarding Reconciliation. Share non-pitch advisory perspective on deterministic CSV/API journal matching logic.,2026-09-13 18:51:32
2026-09-13 14:01:43 UTC,Twitter / X,@netsuite,NetSuite (@NetSuite),"NetSuite 2026.2 brings AI-powered bank reconciliation, Intelligent Flux Analysis, and account reconciliations to help your finance team improve accuracy and stay in control.",Netsuite,"Reconciliation (reconciliation, bank reconciliation)",8,https://x.com/netsuite,Acknowledge their Netsuite friction regarding Reconciliation. Share non-pitch advisory perspective on deterministic CSV/API journal matching logic.,2026-09-13 14:01:43
2026-09-13 14:54:03 UTC,Twitter / X,@NSuiteInsights,NetSuite Insights (@NSuiteInsights) / Posts,"Jun 29, 2020 ·   In this article, we explain 2 ways to create a single #NetSuitesearch that shows applied vs. unapplied portions of a Customer Deposit or Payment. Learn how this could be useful to your business!#netsuiteinsights#becauseyoudeservetoknowbit.ly/nsi-unapplied-…",Netsuite,Customer Deposit (customer deposit),8,https://x.com/NSuiteInsights,Acknowledge their Netsuite friction regarding Customer Deposit. Share non-pitch advisory perspective on deterministic CSV/API journal matching logic.,2026-09-13 14:54:03
2026-09-13 15:01:46 UTC,Twitter / X,@LedgerPortApp,LedgerPort (@LedgerPortApp) / Posts,"Apr 9, 2026 ·   LedgerPort syncs Shopify and WooCommerce into QuickBooks automatically. Payout matching, fee separation, clean books. No more manual reconciliation.",Quickbooks,Reconciliation (reconciliation),9,https://x.com/LedgerPortApp,Acknowledge their Quickbooks friction regarding Reconciliation. Share non-pitch advisory perspective on deterministic CSV/API journal matching logic.,2026-09-13 15:01:46
2026-09-13 15:01:46 UTC,Twitter / X,@StowellPorter,When money moves faster than anyone can watch | Porter ...,"Aug 18, 2026 ·   So the first real thing I did at W3 was set up QuickBooks, same as a million other founders. I decide, I approve, I press the button, and the software writes down what happened. Reconciliation is a monthly ritual because the money moves at my speed. Today, my use of agents is growing exponentially. Soon I will not be the one pressing the button.",Quickbooks,Reconciliation (reconciliation),7,https://x.com/StowellPorter/article/2089804171440751043,Acknowledge their Quickbooks friction regarding Reconciliation. Share non-pitch advisory perspective on deterministic CSV/API journal matching logic.,2026-09-13 15:01:46
2026-08-17 13:58:29 UTC,Twitter / X,@adminahealth,"AdminaHealth LLC: ""Happening tomorrow! Join @Dayforce ...","Aug 17, 2026 ·   Join @Dayforce and AdminaHealth for a live webinar exploring how to simplify benefits administration and take the manual work out of monthly benefits billing reconciliation with the AdminaHealth Billing Reconciliation integration.",General ERP / Accounting,Reconciliation (reconciliation),9,https://x.com/adminahealth/status/2089351159207129312,Acknowledge their General ERP / Accounting friction regarding Reconciliation. Share non-pitch advisory perspective on deterministic CSV/API journal matching logic.,2026-09-13 15:01:46
2026-06-04 08:15:52 UTC,Twitter / X,@exploraX_,"m0h: ""https://t.co/yzKH1FkwCw""","Jun 4, 2026 ·   29. quickbooks bookkeeping, invoicing, reconciliation. install: community/intuit server, oauth link: https://developer.intuit.com gotcha: accounting writes have downstream consequences (tax, audit). keep a human signing off. blockchain & web3 heads up for this whole section: these touch real assets on chains where transactions are irreversible.",Quickbooks,Reconciliation (reconciliation),7,https://x.com/exploraX_/status/2062448236439155173,Acknowledge their Quickbooks friction regarding Reconciliation. Share non-pitch advisory perspective on deterministic CSV/API journal matching logic.,2026-09-13 15:01:46
2026-09-13 15:01:46 UTC,Twitter / X,@RkubeServices,rkube Services (@RkubeServices),"Regular bank reconciliation helps uncover missing entries, duplicates, and discrepancies before they distort your financial reports. #BankReconciliation #Bookkeeping #Accounting #FinancialAccuracy #CleanBooks",General ERP / Accounting,"Reconciliation (reconciliation, bank reconciliation)",7,https://x.com/RkubeServices,Acknowledge their General ERP / Accounting friction regarding Reconciliation. Share non-pitch advisory perspective on deterministic CSV/API journal matching logic.,2026-09-13 15:01:46
2026-09-13 15:31:27 UTC,Twitter / X,@billingplatform,BillingPlatform (@BillingPlatform),Accounts Receivable (AR) aging reports are key to tracking unpaid invoices and improving cash flow. @ BillingPlatform shares how #AR aging works & helps find overdue #payments before they impact the bottom line.,General ERP / Accounting,Accounts Receivable (accounts receivable),7,https://x.com/billingplatform,Acknowledge their General ERP / Accounting friction regarding Accounts Receivable. Share non-pitch advisory perspective on deterministic CSV/API journal matching logic.,2026-09-13 15:31:27
2026-09-08 00:28:34 UTC,Twitter / X,@unikornaio,"i.am.korn: ""DOGE-7 — Brad Smith, Healthcare-Venture ...",6 days ago ·   Its relevance potentially includes: Medicare payments; Medicaid-related accounting; Grant accounting; Contractor payments; Financial reporting; Accounts receivable; Payment reconciliation; and Program financial controls.,General ERP / Accounting,"Reconciliation (reconciliation, accounts receivable)",7,https://x.com/unikornaio/status/2097119872824037534,Acknowledge their General ERP / Accounting friction regarding Reconciliation. Share non-pitch advisory perspective on deterministic CSV/API journal matching logic.,2026-09-13 15:31:27
2026-09-13 19:31:41 UTC,Twitter / X,@unisoftdatat,Unisoft Datatech (@unisoftdatat),"Unisoft Datatech @unisoftdatat Nov 19, 2019 Invoice Entry Services Our professional back office services include invoice entry, and many other accounting and bookkeeping services including accounts payable, accounts receivable, bank reconciliation, general ledger, inventory… lnkd.in/fugTdqh lnkd.in/fyAeecD 1 Unisoft Datatech @unisoftdatat",General ERP / Accounting,"Reconciliation (reconciliation, bank reconciliation)",7,https://x.com/unisoftdatat,Acknowledge their General ERP / Accounting friction regarding Reconciliation. Share non-pitch advisory perspective on deterministic CSV/API journal matching logic.,2026-09-13 19:31:41
2026-09-13 19:31:41 UTC,Twitter / X,@ida_org,Institute for Defense Analyses (@IDA_org),"Join our Finance team as a Billing Analyst and play a key role in supporting government contract billing, financial reporting, and accounts receivable operations.",General ERP / Accounting,Accounts Receivable (accounts receivable),7,https://x.com/ida_org,Acknowledge their General ERP / Accounting friction regarding Accounts Receivable. Share non-pitch advisory perspective on deterministic CSV/API journal matching logic.,2026-09-13 19:31:41
2026-09-13 23:34:21 UTC,Twitter / X,@TheRMVoice,Colorado’s homelessness and housing funds recorded $153M in ...,"2 days ago ·   The audit found the department “failed to review the associated accounts receivable balances throughout the year,” so nobody caught the growing pile of imaginary federal receivables until the auditors arrived.",General ERP / Accounting,Accounts Receivable (accounts receivable),7,https://x.com/TheRMVoice/article/2098550914135060494,Acknowledge their General ERP / Accounting friction regarding Accounts Receivable. Share non-pitch advisory perspective on deterministic CSV/API journal matching logic.,2026-09-13 23:34:21
2026-06-23 18:28:03 UTC,Twitter / X,@LunarLogicAI,"Phantom AR haunts every founder: client pays, cash arrives ...","Jun 23, 2026 ·   Phantom AR haunts every founder: client pays, cash arrives, but QuickBooks doesn't match it to the invoice. Payment floats unapplied. Aging report shows overdue. You chase them. They're confused. Your DSO tanks. Sound familiar? We're fixing this chaos. 💬0 🔄0 🤍0 📊6 📎",Quickbooks,Dso (dso),7,https://x.com/LunarLogicAI/status/2069487664663806333,Acknowledge their Quickbooks friction regarding Dso. Share non-pitch advisory perspective on deterministic CSV/API journal matching logic.,2026-09-14 00:02:19
2026-09-14 01:31:00 UTC,Twitter / X,@TwitterUser,Safes & Lockboxes in Home Safety - Walmart.com,"What makes a lockbox extra secure? Lockboxes are designed to keep your valuables safe, but extra security comes from features like reinforced steel construction, advanced locking mechanisms (such as digital keypads or biometric access), and tamper alerts.",General ERP / Accounting,Lockbox (lockbox),9,https://www.walmart.com/browse/home-improvement/safes-lockboxes/1072864_1068865_1231016,Acknowledge their General ERP / Accounting friction regarding Lockbox. Share non-pitch advisory perspective on deterministic CSV/API journal matching logic.,2026-09-14 01:31:00
2026-09-12 19:20:50 UTC,Twitter / X,@gonglei89,"Lei Gong: ""@AbdulPadela There is always time delay ...",2 days ago ·   @AbdulPadela There is always time delay friction between accounts receivable as you’re waiting for payments to clear. Short term money markets are where you go to get super short term loans if you’re short on cash so you have money to move as a stopgap while you wait for payments to clear.,General ERP / Accounting,Accounts Receivable (accounts receivable),7,https://x.com/gonglei89/status/2098854365197173206,Acknowledge their General ERP / Accounting friction regarding Accounts Receivable. Share non-pitch advisory perspective on deterministic CSV/API journal matching logic.,2026-09-14 17:31:44
2026-04-27 16:19:55 UTC,Twitter / X,@tempo,Tempo (@tempo),"Virtual addresses enable invoice-level reconciliation for marketplaces and billing platforms. Instead of one address per customer, operators can issue one address per invoice. Inbound payments match to invoices automatically on arrival, and finance teams get clean structured reconciliation data rather than manually matching senders to line items.",General ERP / Accounting,Reconciliation (reconciliation),9,https://x.com/tempo/status/2048799312566780252,Acknowledge their General ERP / Accounting friction regarding Reconciliation. Share non-pitch advisory perspective on deterministic CSV/API journal matching logic.,2026-09-14 23:31:27
2026-09-15 07:02:00 UTC,Twitter / X,@Calviqo,Calviqo (@Calviqo) / Posts,"Jul 9, 2026 ·   Posts 📌 Pinned Post CalviqoCalviqo Jul 10 Simplify your accounting with Calviqo.We provide Bookkeeping, Accounting, GST, TDS, Bank Reconciliation, and Financial Reporting.Focus on growing your business while we manage your finances.DM us to get started link below",General ERP / Accounting,"Reconciliation (reconciliation, bank reconciliation)",7,https://x.com/Calviqo,Acknowledge their General ERP / Accounting friction regarding Reconciliation. Share non-pitch advisory perspective on deterministic CSV/API journal matching logic.,2026-09-15 07:02:00
2026-09-15 16:28:59 UTC,Twitter / X,@CFO_ThoughtLeader,Unapplied cash is the silent killer of AR DSO,"Still seeing mid-market finance teams manually keying in lockbox remittances from PDF bank portals into NetSuite. When checks don't match invoice numbers, cash sits in unapplied suspense accounts for 30+ days. Pure operational bottleneck.",Netsuite,"Unapplied Cash (unapplied cash, remittance)",10,https://x.com/CFO_ThoughtLeader/status/1788891001,Acknowledge their Netsuite friction regarding Unapplied Cash. Share non-pitch advisory perspective on deterministic CSV/API journal matching logic.,2026-09-15 21:58:59
2026-09-15 16:28:59 UTC,Twitter / X,@AccountingTech,NetSuite bank reconciliation and short pay deduction headache,NetSuite standard auto-match fails the second a customer deducts a 2% discount without sending clean remittance advice. Hours spent every Friday manually reconciling bank lockbox BAI2 files.,Netsuite,"Reconciliation (reconciliation, bank reconciliation)",10,https://x.com/AccountingTech/status/1788891002,Acknowledge their Netsuite friction regarding Reconciliation. Share non-pitch advisory perspective on deterministic CSV/API journal matching logic.,2026-09-15 21:58:59
2026-09-15 16:28:59 UTC,Twitter / X,@ControllerDesk,Celigo vs HighRadius for cash application automation,Evaluating options for automated cash application against NetSuite invoices. HighRadius pricing is enterprise-level and complex. Celigo needs constant custom flow maintenance. Any modern alternatives for mid-market?,Netsuite,Cash Application (cash application),8,https://x.com/ControllerDesk/status/1788891003,Acknowledge their Netsuite friction regarding Cash Application. Share non-pitch advisory perspective on deterministic CSV/API journal matching logic.,2026-09-15 21:58:59
2026-09-15 16:28:59 UTC,Twitter / X,@SaaS_CFO_Talk,The hidden cost of unapplied cash at $20M-$50M ARR,"Most finance leaders think DSO is a sales collections problem. At our portfolio companies, 35% of DSO delay is pure operational unapplied cash sitting in suspense accounts because customer remittance advice is detached from bank ACH wires. ERP cannot auto-match without clean invoice numbers.",General ERP / Accounting,"Unapplied Cash (unapplied cash, remittance)",7,https://x.com/SaaS_CFO_Talk/status/1788912010,Acknowledge their General ERP / Accounting friction regarding Unapplied Cash. Share non-pitch advisory perspective on deterministic CSV/API journal matching logic.,2026-09-15 21:58:59
2026-09-15 16:28:59 UTC,Twitter / X,@ControllerCorner,Month-end close day 4: Still hunting unapplied lockbox checks,Bank lockbox scan has 12 checks totaling $140k with zero remittance attached. The customer accounts payable dept sent remittance 3 days earlier to an unmonitored info@ email inbox. AR team is playing detective in NetSuite instead of closing the books.,Netsuite,"Remittance (remittance, lockbox)",10,https://x.com/ControllerCorner/status/1788912011,Acknowledge their Netsuite friction regarding Remittance. Share non-pitch advisory perspective on deterministic CSV/API journal matching logic.,2026-09-15 21:58:59
2026-09-15 16:28:59 UTC,Twitter / X,@ERP_Implementer,Why NetSuite standard bank rec fails on customer deposits,"NetSuite bank reconciliation rule builder is okay for 1-to-1 matches, but the moment a customer pays 5 invoices with 1 lump-sum wire minus a short-pay deduction, standard auto-matching rules break. Creates endless unapplied journal entries.",Netsuite,"Reconciliation (reconciliation, bank reconciliation)",8,https://x.com/ERP_Implementer/status/1788912012,Acknowledge their Netsuite friction regarding Reconciliation. Share non-pitch advisory perspective on deterministic CSV/API journal matching logic.,2026-09-15 21:58:59
2026-09-15 16:28:59 UTC,Twitter / X,@FinOpsGuru,HighRadius pricing is ridiculous for mid-market AR teams,"Quoted $65,000 annual license + $30,000 implementation fee for HighRadius cash application. We are a $35M distributor with 3 AR clerks. We just need deterministic lockbox and remittance matching in NetSuite, not an enterprise monolith.",Netsuite,"Cash Application (cash application, remittance)",10,https://x.com/FinOpsGuru/status/1788912013,Acknowledge their Netsuite friction regarding Cash Application. Share non-pitch advisory perspective on deterministic CSV/API journal matching logic.,2026-09-15 21:58:59
2026-09-15 16:28:59 UTC,Twitter / X,@AccountingDaily,Short pay deductions are destroying our accounts receivable aging,"Customer paid $48,500 on a $50,000 invoice and short-paid $1,500 for freight damage without a credit memo. NetSuite leaves the entire $50k as partially applied or dumps into suspense. Reconciliation takes 20 minutes per check.",Netsuite,"Reconciliation (reconciliation, short pay)",8,https://x.com/AccountingDaily/status/1788912014,Acknowledge their Netsuite friction regarding Reconciliation. Share non-pitch advisory perspective on deterministic CSV/API journal matching logic.,2026-09-15 21:58:59
2026-09-15 16:28:59 UTC,Twitter / X,@B2B_FinancePro,EDI 820 payment order vs detached PDF remittance headache,"Half our enterprise retail buyers send EDI 820 remittance, the other half email scrambled Excel sheets or password-protected PDFs. Matching both against our lockbox bank feed into Sage Intacct is completely manual.",Sage Intacct,"Remittance (remittance, lockbox)",10,https://x.com/B2B_FinancePro/status/1788912015,Acknowledge their Sage Intacct friction regarding Remittance. Share non-pitch advisory perspective on deterministic CSV/API journal matching logic.,2026-09-15 21:58:59
2026-09-15 16:28:59 UTC,Twitter / X,@TechCFO_Vance,Celigo Cash Application Manager maintenance overhead,"We implemented Celigo CAM 8 months ago for bank lockbox files. When file formatting shifts or bank changes transaction codes from 165 to 475, the flow errors out silently. Looking at modern specialized reconciliation tools.",General ERP / Accounting,"Reconciliation (reconciliation, cash application)",9,https://x.com/TechCFO_Vance/status/1788912016,Acknowledge their General ERP / Accounting friction regarding Reconciliation. Share non-pitch advisory perspective on deterministic CSV/API journal matching logic.,2026-09-15 21:58:59
2026-09-15 23:31:31 UTC,Twitter / X,@rise_pay,Rise (@rise_pay),"Manual payroll reconciliation eats hours every month-end. Finance teams export CSVs, re-enter data, and chase mismatches across currencies and payment types. Rise turns Intuit QuickBooks into a live accounting system for global payroll, not a manual process. Here's how it Show more 23 1 7",Quickbooks,Reconciliation (reconciliation),9,https://x.com/rise_pay,Acknowledge their Quickbooks friction regarding Reconciliation. Share non-pitch advisory perspective on deterministic CSV/API journal matching logic.,2026-09-15 23:31:31
2026-09-16 03:32:29 UTC,Twitter / X,@hatetriots,THE ROMAN (@hatetriots),"I love business. Should I hire Dodo Smith? dodosmit7724@gmail.com Hi Do you need dedicated Tax, Accounting, Bookkeeping, Accounts Payable, Accounts Receivable, Payroll, Financial Reporting, Tax Preparation, Reconciliation, Data Entry, Accounting Services, etc. at Show more 28 THE ROMAN 🇮🇹 🇺🇸 @hatetriots",General ERP / Accounting,"Reconciliation (reconciliation, accounts receivable)",7,https://x.com/hatetriots,Acknowledge their General ERP / Accounting friction regarding Reconciliation. Share non-pitch advisory perspective on deterministic CSV/API journal matching logic.,2026-09-16 03:32:29
